method,metric,group,n,mean,sd,variance,median,q1,q3,min,max
Agglomerative clustering,divergence,cluster 0 (n=325),325,0.3788900215384613,0.0536572974768683,0.0028791055725211376,0.383866,0.347563,0.417451,0.201707,0.489044
Agglomerative clustering,divergence,cluster 1 (n=74),74,0.3930957972972974,0.04695356220660851,0.002204637003889855,0.397363,0.36825674999999997,0.4287195,0.236131,0.480966
Agglomerative clustering,divergence,cluster 2 (n=13),13,0.3854237692307692,0.04919252432730311,0.002419904449692308,0.379337,0.356465,0.425316,0.276478,0.454149
Agglomerative clustering,divergence,cluster 3 (n=7),7,0.4241892857142857,0.03628859452001545,0.0013168620922380952,0.434523,0.39497800000000005,0.45088,0.374482,0.468604
Agglomerative clustering,divergence,all,419,0.38235842482100213,0.0525775997454367,0.0027644039949913453,0.388516,0.3513745,0.420827,0.201707,0.489044
Agglomerative clustering,length,cluster 0 (n=325),325,52.266875535384585,8.174402330167645,66.82085345545022,53.898757,47.845152,57.73013,21.100181,69.897509
Agglomerative clustering,length,cluster 1 (n=74),74,53.343777824324334,6.939052269207186,48.15044639478939,54.5325445,48.11678425,58.56953775,35.443816,67.295736
Agglomerative clustering,length,cluster 2 (n=13),13,52.422068153846155,11.041916118764894,121.92391157383996,53.690033,44.043277,61.787383,30.599827,65.048535
Agglomerative clustering,length,cluster 3 (n=7),7,59.61265000000001,6.027039450227505,36.32520453459867,59.975752,54.904794499999994,63.710890500000005,51.892469,68.188959
Agglomerative clustering,length,all,419,52.5846051169451,8.076715519714034,65.23333358638953,54.056817,47.8789105,57.963800500000005,21.100181,69.897509
Agglomerative clustering,complexity,cluster 0 (n=325),325,0.782164729230769,0.08452848346132878,0.007145064516272133,0.791474,0.743174,0.837678,0.454613,0.961228
Agglomerative clustering,complexity,cluster 1 (n=74),74,0.8041725135135133,0.06707668884690268,0.004499282186664199,0.818438,0.77461275,0.8516360000000001,0.604662,0.951744
Agglomerative clustering,complexity,cluster 2 (n=13),13,0.7706619999999998,0.10586464608640603,0.011207323291000002,0.807332,0.692205,0.848233,0.541368,0.88269
Agglomerative clustering,complexity,cluster 3 (n=7),7,0.8590944285714286,0.04858033457019806,0.002360048906952381,0.862601,0.829575,0.8848180000000001,0.795474,0.9268
Agglomerative clustering,complexity,all,419,0.7869798806682576,0.08273683623352474,0.006845384069933092,0.797691,0.7474415,0.8451305,0.454613,0.961228
Agglomerative clustering,tortuosity,cluster 0 (n=325),325,0.6194962800000003,0.02138925238605411,0.00045750011763432145,0.622309,0.60702,0.634035,0.539849,0.667716
Agglomerative clustering,tortuosity,cluster 1 (n=74),74,0.617702445945946,0.02138901987234987,0.0004574901710997777,0.621489,0.60398525,0.6326572500000001,0.557693,0.660485
Agglomerative clustering,tortuosity,cluster 2 (n=13),13,0.6234998461538461,0.01969655977933775,0.0003879544671410256,0.624557,0.608937,0.632613,0.592422,0.656832
Agglomerative clustering,tortuosity,cluster 3 (n=7),7,0.6210285714285713,0.016744895350097447,0.0002803915202857151,0.629996,0.614138,0.633068,0.588826,0.633966
Agglomerative clustering,tortuosity,all,419,0.6193292840095468,0.021231006996020665,0.0004507556580650785,0.622309,0.606854,0.6337455,0.539849,0.667716
Agglomerative clustering,stenosis,cluster 0 (n=325),325,0.3802093784615386,0.031512176628398926,0.0009930172758594114,0.377358,0.362283,0.398553,0.291864,0.514147
Agglomerative clustering,stenosis,cluster 1 (n=74),74,0.3797317567567567,0.029218621260267936,0.0008537278283509814,0.38467949999999995,0.35935525,0.39413200000000004,0.327796,0.45179
Agglomerative clustering,stenosis,cluster 2 (n=13),13,0.37885569230769234,0.030769466795793454,0.0009467600868974358,0.374969,0.37122,0.381933,0.316892,0.445291
Agglomerative clustering,stenosis,cluster 3 (n=7),7,0.3937488571428571,0.02063726286299107,0.0004258966184761904,0.398285,0.38240050000000003,0.4025765,0.365026,0.422977
Agglomerative clustering,stenosis,all,419,0.38030922195704053,0.030907176131008823,0.0009552535363932014,0.377943,0.362198,0.3982485,0.291864,0.514147
Agglomerative clustering,ectasia,cluster 0 (n=325),325,0.753176775384615,0.015180427314961335,0.00023044537346482422,0.7549,0.744501,0.765103,0.683581,0.783774
Agglomerative clustering,ectasia,cluster 1 (n=74),74,0.754086972972973,0.012610264437248796,0.0001590187691773417,0.7569969999999999,0.744899,0.76472075,0.721614,0.777721
Agglomerative clustering,ectasia,cluster 2 (n=13),13,0.7550465384615385,0.01770037842163921,0.000313303396269231,0.760826,0.747172,0.76615,0.710212,0.772071
Agglomerative clustering,ectasia,cluster 3 (n=7),7,0.7650195714285716,0.006023181159961449,0.00003627871128571455,0.767052,0.764363,0.768093,0.752404,0.770769
Agglomerative clustering,ectasia,all,419,0.7535933890214797,0.014776304624886393,0.00021833917836743902,0.755265,0.7446999999999999,0.7655075,0.683581,0.783774
Agglomerative clustering,n_branches,cluster 0 (n=325),325,230.37846153846155,84.18194671036554,7086.600151946823,220,180,279,42,557
Agglomerative clustering,n_branches,cluster 1 (n=74),74,252.02702702702703,71.88517727312286,5167.478711588299,255,200.25,301,102,471
Agglomerative clustering,n_branches,cluster 2 (n=13),13,220.46153846153845,83.74526393038134,7013.2692307692305,196,168,294,61,325
Agglomerative clustering,n_branches,cluster 3 (n=7),7,299.2857142857143,87.31497444255918,7623.904761904762,278,247.5,308,223,483
Agglomerative clustering,n_branches,all,419,235.04534606205252,82.76412177200311,6849.89985269096,228,182.5,289.5,42,557
Agglomerative clustering,max_generation,cluster 0 (n=325),325,11.187692307692307,1.5411543385257331,2.37515669515669,11,10,12,6,16
Agglomerative clustering,max_generation,cluster 1 (n=74),74,11.378378378378379,1.3719569335337412,1.8822658274713062,11,11,12,8,14
Agglomerative clustering,max_generation,cluster 2 (n=13),13,11,1.5275252316519468,2.3333333333333335,11,10,12,8,13
Agglomerative clustering,max_generation,cluster 3 (n=7),7,11.571428571428571,1.2724180205607036,1.6190476190476193,12,10.5,12.5,10,13
Agglomerative clustering,max_generation,all,419,11.221957040572793,1.5062533092554171,2.2687990316428954,11,10,12,6,16